<?xml version="1.0" encoding="UTF-8"?>
<!DOCTYPE hibernate-configuration PUBLIC "-//Hibernate/Hibernate Configuration DTD 3.0//EN"
"http://hibernate.sourceforge.net/hibernate-configuration-3.0.dtd">
 
<hibernate-configuration>
    <session-factory>
        <property name="show_sql">true</property>
        <property name="format_sql">false</property>
        <property name="dialect">org.hibernate.dialect.SQLiteDialect</property>
        <property name="connection.driver_class">org.sqlite.JDBC</property>
        <property name="connection.url">jdbc:sqlite:mydb.db</property>
        <property name="connection.username"></property>
        <property name="connection.password"></property>
         
        <property name="hibernate.hbm2ddl.auto">create</property>
         
        <mapping class="hibernateExample.Student"/>
        <mapping class="hibernateExample.Kurs"/>
        <mapping class="hibernateExample.Notenkonto"/>
        <mapping class="hibernateExample.Buch"/>
    </session-factory>
</hibernate-configuration>
